institution_id,name,name_en,country,city,district,institution_type,education_stages,curricula,main_language,additional_languages,tuition_min,tuition_max,currency,boarding,scholarships,address,website,latitude,longitude,nearest_station_id,source_url,supplier_evidence,verified_status,verified_at,effective_from,effective_to
SG-SAMPLE-PRESCHOOL,示例·新加坡学前中心（演示数据 请勿保留此行直接导入）,Sample Preschool Centre (DEMO ROW - NOT A REAL SCHOOL),Singapore,Singapore,SG-SIN-BISHAN,Private School,preschool,Singapore Primary Curriculum,English,Chinese (Mandarin),,20000,SGD,false,false,示例地址（演示）,https://example.com/demo-preschool,,,,https://example.com/demo-source,,draft,,,
SG-SAMPLE-KINDERGARTEN,示例·新加坡幼儿园（演示数据 请勿保留此行直接导入）,Sample Kindergarten (DEMO ROW - NOT A REAL SCHOOL),Singapore,Singapore,SG-SIN-GEYLANG,Private School,kindergarten,Cambridge Early Years,English,Chinese (Mandarin),,18000,SGD,false,true,示例地址（演示）,https://example.com/demo-kindergarten,,,,https://example.com/demo-source,,draft,,,
SG-SAMPLE-PRIMARY,示例·新加坡小学（演示数据 请勿保留此行直接导入）,Sample Primary School (DEMO ROW - NOT A REAL SCHOOL),Singapore,Singapore,SG-SIN-JURONG-WEST,Public School,primary,Singapore Primary Curriculum,English,Chinese (Mandarin),,,,SGD,false,false,示例地址（演示）,https://example.com/demo-primary,,,,https://example.com/moe-school-finder,,draft,,,
SG-SAMPLE-SECONDARY,示例·新加坡中学（演示数据 请勿保留此行直接导入）,Sample Secondary School (DEMO ROW - NOT A REAL SCHOOL),Singapore,Singapore,SG-SIN-ANG-MO-KIO,Public School,lower-secondary;upper-secondary,Singapore-Cambridge GCE O-Level,English,Chinese (Mandarin),,,,SGD,false,false,示例地址（演示）,https://example.com/demo-secondary,,,,https://example.com/moe-school-finder,,draft,,,
SG-SAMPLE-INTL-IB,示例·新加坡国际学校 IB（演示数据 请勿保留此行直接导入）,Sample International School IB (DEMO ROW - NOT A REAL SCHOOL),Singapore,Singapore,SG-SIN-BUKIT-TIMAH,International School,primary;lower-secondary;upper-secondary,IB PYP;IB MYP;IB DP,English,Chinese (Mandarin),30000,45000,SGD,true,true,示例地址（演示）,https://example.com/demo-intl-ib,1.335,103.798,SG-SIN-ST-SIXTH-AVENUE,https://example.com/ibo-school-directory,,draft,,,
SG-SAMPLE-INTL-CAMBRIDGE,示例·新加坡国际学校 Cambridge（演示数据 请勿保留此行直接导入）,Sample International School Cambridge (DEMO ROW - NOT A REAL SCHOOL),Singapore,Singapore,SG-SIN-DOWNTOWN-CORE,International School,lower-secondary;upper-secondary,Cambridge Lower Secondary;Cambridge IGCSE;Cambridge AS & A Level,English,Chinese (Mandarin),25000,40000,SGD,false,true,示例地址（演示）,https://example.com/demo-intl-cambridge,,,,https://example.com/cambridge-school-directory,,draft,,,
SG-SAMPLE-INTL-AMERICAN,示例·新加坡美式国际学校（演示数据 请勿保留此行直接导入）,Sample American International School (DEMO ROW - NOT A REAL SCHOOL),Singapore,Singapore,SG-SIN-WOODLANDS,International School,primary;lower-secondary;upper-secondary,American Curriculum;AP,English,Chinese (Mandarin),35000,50000,SGD,true,false,示例地址（演示）,https://example.com/demo-intl-american,,,,https://example.com/demo-source,,draft,,,
SG-SAMPLE-COLLEGE,示例·新加坡大专院校（演示数据 请勿保留此行直接导入）,Sample Polytechnic-Style College (DEMO ROW - NOT A REAL SCHOOL),Singapore,Singapore,SG-SIN-DOVER,College/Diploma Institution,college;vocational,IB CP;Singapore-Cambridge GCE A-Level,English,Chinese (Mandarin),15000,25000,SGD,false,true,示例地址（演示）,https://example.com/demo-college,,,,https://example.com/demo-source,,draft,,,
SG-SAMPLE-UNIVERSITY,示例·新加坡大学（演示数据 请勿保留此行直接导入）,Sample University (DEMO ROW - NOT A REAL SCHOOL),Singapore,Singapore,SG-SIN-CLEMENTI,University,undergraduate;master;phd,IB DP,English,Chinese (Mandarin),40000,60000,SGD,true,true,示例地址（演示）,https://example.com/demo-university,,,,https://example.com/demo-source,,draft,,,
